Workbook

Sheet Summary
A1: Outcome | B1: Pembrolizumab | C1: Chemotherapy | D1: Incremental
A2: Discounted costs (GBP) | B2: =SUM('Pembrolizumab'!W2:W1045) -> 0 | C2: =SUM('Chemotherapy'!W2:W1045) -> 0 | D2: =B2-C2 -> 0
A3: Discounted QALYs | B3: =SUM('Pembrolizumab'!X2:X1045) -> 0 | C3: =SUM('Chemotherapy'!X2:X1045) -> 0 | D3: =B3-C3 -> 0
A4: Discounted life years | B4: =SUM('Pembrolizumab'!Y2:Y1045) -> 0 | C4: =SUM('Chemotherapy'!Y2:Y1045) -> 0 | D4: =B4-C4 -> 0
A5: Undiscounted costs (GBP) | B5: =SUM('Pembrolizumab'!V2:V1045) -> 0 | C5: =SUM('Chemotherapy'!V2:V1045) -> 0 | D5: =B5-C5 -> 0
A6: Undiscounted QALYs | B6: =SUM('Pembrolizumab'!K2:K1045) -> 0 | C6: =SUM('Chemotherapy'!K2:K1045) -> 0 | D6: =B6-C6 -> 0
A7: Undiscounted life years | B7: =SUM('Pembrolizumab'!J2:J1045) -> 0 | C7: =SUM('Chemotherapy'!J2:J1045) -> 0 | D7: =B7-C7 -> 0
A8: ICER (GBP per QALY) | B8: ="" -> 0 | C8: ="" -> 0 | D8: =D2/D3 -> 0

Sheet Pembrolizumab
A1: cycle | B1: t_start_years | C1: pf_start | D1: pd_start | E1: dead_start | F1: occ_pf | G1: occ_pd | H1: u_pf | I1: u_pd | J1: ly | K1: qaly | L1: cost_state_pf | M1: cost_state_pd | N1: cost_drug_1l | O1: cost_admin_1l | P1: cost_maintenance | Q1: cost_ae | R1: cost_subsequent | S1: cost_terminal | T1: df_costs | U1: df_qalys | V1: cost_total | W1: cost_disc | X1: qaly_disc | Y1: ly_disc
A2: 1 | B2: 0 | C2: 1 | D2: 0 | E2: 0 | F2: 0.99430245 | G2: 0.0042123957 | H2: 0.75095957 | I2: 0.75095957 | J2: 0.019136493 | K2: 0.014370732 | L2: 98.831172 | M2: 0.68667059 | N2: 5218.446 | O2: 256.03 | P2: 0 | Q2: 514.60493 | R2: 90.730175 | S2: 18.217315 | T2: 0.9996704 | U2: 0.9996704 | V2: =SUM(L2:S2) -> 0 | W2: =V2*T2 -> 0 | X2: =K2*U2 -> 0 | Y2: =J2*U2 -> 0
A3: 2 | B3: 0.019164956 | C3: 0.98860491 | D3: 0.0084247914 | E3: 0.0029703005 | F3: 0.97814213 | G3: 0.015658346 | H3: 0.75003855 | I3: 0.75003855 | J3: 0.019046142 | K3: 0.014285341 | L3: 97.224876 | M3: 2.5524965 | N3: 0 | O3: 0 | P3: 0 | Q3: 0 | R3: 166.61384 | S3: 39.610709 | T3: 0.99901154 | U3: 0.99901154 | V3: =SUM(L3:S3) -> 0 | W3: =V3*T3 -> 0 | X3: =K3*U3 -> 0 | Y3: =J3*U3 -> 0
A4: 3 | B4: 0.038329911 | C4: 0.96767934 | D4: 0.0228919 | E4: 0.0094287555 | F4: 0.95625446 | G4: 0.030375997 | H4: 0.74979571 | I4: 0.74979571 | J4: 0.018908729 | K4: 0.014177684 | L4: 95.049297 | M4: 4.9516487 | N4: 0 | O4: 0 | P4: 0 | Q4: 0 | R4: 181.93475 | S4: 48.338897 | T4: 0.9983531 | U4: 0.9983531 | V4: =SUM(L4:S4) -> 0 | W4: =V4*T4 -> 0 | X4: =K4*U4 -> 0 | Y4: =J4*U4 -> 0
A5: 4 | B5: 0.057494867 | C5: 0.94482958 | D5: 0.037860095 | E5: 0.017310326 | F5: 0.9334056 | G5: 0.045014424 | H5: 0.74986203 | I5: 0.74986203 | J5: 0.018751376 | K5: 0.014060945 | L5: 92.778178 | M5: 7.3378864 | N5: 4930.5421 | O5: 241.90472 | P5: 0 | Q5: 0 | R5: 181.92038 | S5: 52.372869 | T5: 0.9976951 | U5: 0.9976951 | V5: =SUM(L5:S5) -> 0 | W5: =V5*T5 -> 0 | X5: =K5*U5 -> 0 | Y5: =J5*U5 -> 0
A6: 5 | B6: 0.076659822 | C6: 0.92198162 | D6: 0.052168754 | E6: 0.025849628 | F6: 0.91088575 | G6: 0.058846352 | H6: 0.7500939 | I6: 0.7500939 | J6: 0.018584873 | K6: 0.013940399 | L6: 90.539761 | M6: 9.592655 | N6: 0 | O6: 0 | P6: 0 | Q6: 0 | R6: 176.69545 | S6: 54.195932 | T6: 0.99703754 | U6: 0.99703754 | V6: =SUM(L6:S6) -> 0 | W6: =V6*T6 -> 0 | X6: =K6*U6 -> 0 | Y6: =J6*U6 -> 0
A7: 6 | B7: 0.095824778 | C7: 0.89978987 | D7: 0.065523949 | E7: 0.034686177 | F7: 0.88913877 | G7: 0.071704511 | H7: 0.75042129 | I7: 0.75042129 | J7: 0.018414519 | K7: 0.013818647 | L7: 88.378166 | M7: 11.688688 | N7: 0 | O7: 0 | P7: 0 | Q7: 0 | R7: 169.61269 | S7: 54.83701 | T7: 0.99638041 | U7: 0.99638041 | V7: =SUM(L7:S7) -> 0 | W7: =V7*T7 -> 0 | X7: =K7*U7 -> 0 | Y7: =J7*U7 -> 0
A8: 7 | B8: 0.11498973 | C8: 0.87848768 | D8: 0.077885072 | E8: 0.043627253 | F8: 0.86831479 | G8: 0.083590502 | H8: 0.75080552 | I8: 0.75080552 | J8: 0.018243222 | K8: 0.013697112 | L8: 86.308314 | M8: 13.626246 | N8: 4584.3405 | O8: 224.9192 | P8: 0 | Q8: 0 | R8: 161.99748 | S8: 54.799253 | T8: 0.99572371 | U8: 0.99572371 | V8: =SUM(L8:S8) -> 0 | W8: =V8*T8 -> 0 | X8: =K8*U8 -> 0 | Y8: =J8*U8 -> 0
A9: 8 | B9: 0.13415469 | C9: 0.85814189 | D9: 0.089295932 | E9: 0.052562173 | F9: 0.84844487 | G9: 0.094561698 | H9: 0.75122353 | I9: 0.75122353 | J9: 0.018072679 | K9: 0.013576622 | L9: 84.333294 | M9: 15.414681 | N9: 0 | O9: 0 | P9: 0 | Q9: 0 | R9: 154.41965 | S9: 54.355241 | T9: 0.99506744 | U9: 0.99506744 | V9: =SUM(L9:S9) -> 0 | W9: =V9*T9 -> 0 | X9: =K9*U9 -> 0 | Y9: =J9*U9 -> 0
A10: 9 | B10: 0.15331964 | C10: 0.83874784 | D10: 0.099827464 | E10: 0.061424697 | F10: 0.82950863 | G10: 0.10469182 | H10: 0.75166085 | I10: 0.75166085 | J10: 0.01790391 | K10: 0.013457668 | L10: 82.451079 | M10: 17.066012 | N10: 0 | O10: 0 | P10: 0 | Q10: 0 | R10: 147.12912 | S10: 53.663265 | T10: 0.99441161 | U10: 0.99441161 | V10: =SUM(L10:S10) -> 0 | W10: =V10*T10 -> 0 | X10: =K10*U10 -> 0 | Y10: =J10*U10 -> 0
A11: 10 | B11: 0.1724846 | C11: 0.82026942 | D11: 0.10955618 | E11: 0.070174396 | F11: 0.8114635 | G11: 0.11405601 | H11: 0.75210806 | I11: 0.75210806 | J11: 0.01773754 | K11: 0.013340547 | L11: 80.657439 | M11: 18.592485 | N11: 4280.5317 | O11: 210.01358 | P11: 0 | Q11: 0 | R11: 140.22929 | S11: 52.819912 | T11: 0.99375621 | U11: 0.99375621 | V11: =SUM(L11:S11) -> 0 | W11: =V11*T11 -> 0 | X11: =K11*U11 -> 0 | Y11: =J11*U11 -> 0
A12: 11 | B12: 0.19164956 | C12: 0.80265758 | D12: 0.11855583 | E12: 0.078786587 | F12: 0.79425833 | G12: 0.1227251 | H12: 0.75255888 | I12: 0.75255888 | J12: 0.017573947 | K12: 0.01322543 | L12: 78.947288 | M12: 20.00565 | N12: 0 | O12: 0 | P12: 0 | Q12: 0 | R12: 133.75325 | S12: 51.886293 | T12: 0.99310124 | U12: 0.99310124 | V12: =SUM(L12:S12) -> 0 | W12: =V12*T12 -> 0 | X12: =K12*U12 -> 0 | Y12: =J12*U12 -> 0
A13: 12 | B13: 0.21081451 | C13: 0.78585908 | D13: 0.12689436 | E13: 0.087246554 | F13: 0.77783997 | G13: 0.13076373 | H13: 0.75300902 | I13: 0.75300902 | J13: 0.017413349 | K13: 0.013112409 | L13: 77.315344 | M13: 21.316043 | N13: 0 | O13: 0 | P13: 0 | Q13: 0 | R13: 127.69985 | S13: 50.902113 | T13: 0.9924467 | U13: 0.9924467 | V13: =SUM(L13:S13) -> 0 | W13: =V13*T13 -> 0 | X13: =K13*U13 -> 0 | Y13: =J13*U13 -> 0
... A1045: 1044 | B1045: 19.989049 | C1045: 0.021357788 | D1045: 0.073461653 | E1045: 0.90518056 | F1045: 0.02134261 | G1045: 0.073403244 | H1045: 0.71153737 | I1045: 0.71153737 | J1045: 0.0018158001 | K1045: 0.0012920096 | L1045: 2.121402 | M1045: 11.965602 | N1045: 0 | O1045: 0 | P1045: 0 | Q1045: 0 | R1045: 0.24170516 | S1045: 0.902643 | T1045: 0.50258955 | U1045: 0.50258955 | V1045: =SUM(L1045:S1045) -> 0 | W1045: =V1045*T1045 -> 0 | X1045: =K1045*U1045 -> 0 | Y1045: =J1045*U1045 -> 0

Sheet Chemotherapy
A1: cycle | B1: t_start_years | C1: pf_start | D1: pd_start | E1: dead_start | F1: occ_pf | G1: occ_pd | H1: u_pf | I1: u_pd | J1: ly | K1: qaly | L1: cost_state_pf | M1: cost_state_pd | N1: cost_drug_1l | O1: cost_admin_1l | P1: cost_maintenance | Q1: cost_ae | R1: cost_subsequent | S1: cost_terminal | T1: df_costs | U1: df_qalys | V1: cost_total | W1: cost_disc | X1: qaly_disc | Y1: ly_disc
A2: 1 | B2: 0 | C2: 1 | D2: 0 | E2: 0 | F2: 0.99842134 | G2: 0 | H2: 0.72480747 | I2: 0.72480747 | J2: 0.0191347 | K2: 0.013868974 | L2: 99.240579 | M2: 0 | N2: 297.50307 | O2: 562.7022 | P2: 0 | Q2: 1797.559 | R2: 100.07266 | S2: 19.364383 | T2: 0.9996704 | U2: 0.9996704 | V2: =SUM(L2:S2) -> 0 | W2: =V2*T2 -> 0 | X2: =K2*U2 -> 0 | Y2: =J2*U2 -> 0
A3: 2 | B3: 0.019164956 | C3: 0.99684267 | D3: 0 | E3: 0.0031573278 | F3: 0.99257319 | G3: 0 | H3: 0.72307885 | I3: 0.72307885 | J3: 0.019022621 | K3: 0.013754855 | L3: 98.659288 | M3: 0 | N3: 0 | O3: 0 | P3: 0 | Q3: 0 | R3: 270.64574 | S3: 52.370827 | T3: 0.99901154 | U3: 0.99901154 | V3: =SUM(L3:S3) -> 0 | W3: =V3*T3 -> 0 | X3: =K3*U3 -> 0 | Y3: =J3*U3 -> 0
A4: 3 | B4: 0.038329911 | C4: 0.9883037 | D4: 0 | E4: 0.011696297 | F4: 0.98265553 | G4: 0 | H4: 0.72234916 | I4: 0.72234916 | J4: 0.01883255 | K4: 0.013603676 | L4: 97.673498 | M4: 0 | N4: 0 | O4: 0 | P4: 0 | Q4: 0 | R4: 358.04165 | S4: 69.28222 | T4: 0.9983531 | U4: 0.9983531 | V4: =SUM(L4:S4) -> 0 | W4: =V4*T4 -> 0 | X4: =K4*U4 -> 0 | Y4: =J4*U4 -> 0
A5: 4 | B5: 0.057494867 | C5: 0.97700736 | D5: 0 | E5: 0.022992638 | F5: 0.96801712 | G5: 0.002637303 | H5: 0.72216242 | I5: 0.72216242 | J5: 0.018602549 | K5: 0.013434062 | L5: 96.218476 | M5: 0.42991176 | N5: 290.66269 | O5: 549.76419 | P5: 0 | Q5: 0 | R5: 569.89815 | S5: 77.927159 | T5: 0.9976951 | U5: 0.9976951 | V5: =SUM(L5:S5) -> 0 | W5: =V5*T5 -> 0 | X5: =K5*U5 -> 0 | Y5: =J5*U5 -> 0
A6: 5 | B6: 0.076659822 | C6: 0.95902687 | D6: 0.0052746061 | E6: 0.035698521 | F6: 0.94625861 | G6: 0.011338074 | H6: 0.72228968 | I6: 0.72228968 | J6: 0.018352298 | K6: 0.013255675 | L6: 94.055735 | M6: 1.8482408 | N6: 0 | O6: 0 | P6: 0 | Q6: 0 | R6: 809.38951 | S6: 82.243113 | T6: 0.99703754 | U6: 0.99703754 | V6: =SUM(L6:S6) -> 0 | W6: =V6*T6 -> 0 | X6: =K6*U6 -> 0 | Y6: =J6*U6 -> 0
A7: 6 | B7: 0.095824778 | C7: 0.93349035 | D7: 0.017401541 | E7: 0.049108113 | F7: 0.91906864 | G7: 0.02496651 | H7: 0.7226095 | I7: 0.7226095 | J7: 0.018092392 | K7: 0.013073734 | L7: 91.35312 | M7: 4.069838 | N7: 0 | O7: 0 | P7: 0 | Q7: 0 | R7: 914.20211 | S7: 84.106807 | T7: 0.99638041 | U7: 0.99638041 | V7: =SUM(L7:S7) -> 0 | W7: =V7*T7 -> 0 | X7: =K7*U7 -> 0 | Y7: =J7*U7 -> 0
A8: 7 | B8: 0.11498973 | C8: 0.90464694 | D8: 0.032531479 | E8: 0.062821577 | F8: 0.88923292 | G8: 0.041056135 | H8: 0.72305155 | I8: 0.72305155 | J8: 0.017828948 | K8: 0.012891249 | L8: 88.387524 | M8: 6.6926382 | N8: 269.13524 | O8: 509.04683 | P8: 0 | Q8: 0 | R8: 977.10627 | S8: 84.507148 | T8: 0.99572371 | U8: 0.99572371 | V8: =SUM(L8:S8) -> 0 | W8: =V8*T8 -> 0 | X8: =K8*U8 -> 0 | Y8: =J8*U8 -> 0
A9: 8 | B9: 0.13415469 | C9: 0.87381889 | D9: 0.049580791 | E9: 0.076600315 | F9: 0.8579064 | G9: 0.058644776 | H9: 0.72357248 | I9: 0.72357248 | J9: 0.017565663 | K9: 0.01271003 | L9: 85.273747 | M9: 9.5597959 | N9: 0 | O9: 0 | P9: 0 | Q9: 0 | R9: 1008.7044 | S9: 84.005899 | T9: 0.99506744 | U9: 0.99506744 | V9: =SUM(L9:S9) -> 0 | W9: =V9*T9 -> 0 | X9: =K9*U9 -> 0 | Y9: =J9*U9 -> 0
A10: 9 | B10: 0.15331964 | C10: 0.84199391 | D10: 0.067708762 | E10: 0.090297326 | F10: 0.82594084 | G10: 0.077000203 | H10: 0.72414429 | I10: 0.72414429 | J10: 0.017304825 | K10: 0.01253119 | L10: 82.09645 | M10: 12.551949 | N10: 0 | O10: 0 | P10: 0 | Q10: 0 | R10: 1017.6157 | S10: 82.940223 | T10: 0.99441161 | U10: 0.99441161 | V10: =SUM(L10:S10) -> 0 | W10: =V10*T10 -> 0 | X10: =K10*U10 -> 0 | Y10: =J10*U10 -> 0
A11: 10 | B11: 0.1724846 | C11: 0.80988777 | D11: 0.086291645 | E11: 0.10382058 | F11: 0.79394809 | G11: 0.095585406 | H11: 0.72474829 | I11: 0.72474829 | J11: 0.01704787 | K11: 0.012355415 | L11: 78.916451 | M11: 15.581558 | N11: 240.9441 | O11: 455.72563 | P11: 0 | Q11: 0 | R11: 1010.4281 | S11: 81.520934 | T11: 0.99375621 | U11: 0.99375621 | V11: =SUM(L11:S11) -> 0 | W11: =V11*T11 -> 0 | X11: =K11*U11 -> 0 | Y11: =J11*U11 -> 0
A12: 11 | B12: 0.19164956 | C12: 0.77800841 | D12: 0.10487917 | E12: 0.11711242 | F12: 0.76235874 | G12: 0.11401637 | H12: 0.72537166 | I12: 0.72537166 | J12: 0.01679569 | K12: 0.012183118 | L12: 75.776548 | M12: 18.586025 | N12: 0 | O12: 0 | P12: 0 | Q12: 0 | R12: 992.04429 | S12: 79.883957 | T12: 0.99310124 | U12: 0.99310124 | V12: =SUM(L12:S12) -> 0 | W12: =V12*T12 -> 0 | X12: =K12*U12 -> 0 | Y12: =J12*U12 -> 0
A13: 12 | B13: 0.21081451 | C13: 0.74670906 | D13: 0.12315358 | E13: 0.13013736 | F13: 0.73146918 | G13: 0.13202488 | H13: 0.72600542 | I13: 0.72600542 | J13: 0.016548825 | K13: 0.012014537 | L13: 72.706204 | M13: 21.521626 | N13: 0 | O13: 0 | P13: 0 | Q13: 0 | R13: 966.0671 | S13: 78.118965 | T13: 0.9924467 | U13: 0.9924467 | V13: =SUM(L13:S13) -> 0 | W13: =V13*T13 -> 0 | X13: =K13*U13 -> 0 | Y13: =J13*U13 -> 0
... A1045: 1044 | B1045: 19.989049 | C1045: 1.4927129e-05 | D1045: 0.027319228 | E1045: 0.97266584 | F1045: 1.4893805e-05 | G1045: 0.027298048 | H1045: 0.71153737 | I1045: 0.71153737 | J1045: 0.00052345132 | K1045: 0.00037245517 | L1045: 0.0014804069 | M1045: 4.4499065 | N1045: 0 | O1045: 0 | P1045: 0 | Q1045: 0 | R1045: 0.0021124304 | S1045: 0.26021018 | T1045: 0.50258955 | U1045: 0.50258955 | V1045: =SUM(L1045:S1045) -> 0 | W1045: =V1045*T1045 -> 0 | X1045: =K1045*U1045 -> 0 | Y1045: =J1045*U1045 -> 0

Sheet Notes
A1: Note
A2: Values in the arm sheets come from the R pipeline (targets::tar_make()).
A3: Occupancy (occ_pf, occ_pd) uses the trapezoidal half-cycle correction.
A4: Discount factors (df_costs, df_qalys) are evaluated at cycle midpoints.
A5: cost_total, cost_disc, qaly_disc and ly_disc are formulas; the Summary sheet sums them.
A6: Costs are 2024/25 GBP at list prices.
